userName,sport
katiehegarty,Basketball
iqbalkhan,Basketball
ljbrown,Racquetball
ljbrown,Basketball
iqbalkhan,Tennis
paigecraig,Volleyball
ljbrown,Soccer
ianjohnson,Racquetball
ianjohnson,Soccer
katiehegarty,Soccer
ianjohnson,Tabletennis
katiehegarty,Racquetball
paigecraig,Basketball
paigecraig,Tennis
ianjohnson,Tennis
iqbalkhan,Volleyball
katiehegarty,Volleyball
katiehegarty,Volleyball
ljbrown,Tabletennis
ljbrown,Tennis
paigecraig,Basketball
iqbalkhan,Volleyball
paigecraig,Tabletennis
iqbalkhan,Tennis
ianjohnson,Soccer
paigecraig,Soccer
ljbrown,Soccer
paigecraig,Soccer
ianjohnson,Tabletennis
paigecraig,Tabletennis
ianjohnson,Basketball
ljbrown,Tabletennis
katiehegarty,Racquetball
ljbrown,Racquetball
paigecraig,Soccer
katiehegarty,Racquetball
paigecraig,Basketball
katiehegarty,Tabletennis
iqbalkhan,Tabletennis
ianjohnson,Racquetball
iqbalkhan,Tennis
ljbrown,Basketball
katiehegarty,Tennis
ljbrown,Basketball
paigecraig,Tennis
iqbalkhan,Tennis
katiehegarty,Basketball
iqbalkhan,Tennis
katiehegarty,Tabletennis
katiehegarty,Tennis
ljbrown,Tabletennis
ianjohnson,Tabletennis
ianjohnson,Tennis
katiehegarty,Volleyball
katiehegarty,Tennis
ianjohnson,Tennis
iqbalkhan,Tabletennis
iqbalkhan,Soccer
katiehegarty,Soccer
ljbrown,Racquetball
iqbalkhan,Tennis
katiehegarty,Tennis
katiehegarty,Soccer
ianjohnson,Soccer
ljbrown,Tabletennis
ianjohnson,Basketball
iqbalkhan,Tabletennis
ljbrown,Soccer
iqbalkhan,Tennis
iqbalkhan,Soccer
ljbrown,Tabletennis
katiehegarty,Soccer
ljbrown,Racquetball
paigecraig,Racquetball
ljbrown,Tennis
ljbrown,Volleyball
ianjohnson,Tabletennis
paigecraig,Volleyball
ianjohnson,Racquetball
paigecraig,Basketball
katiehegarty,Basketball
ianjohnson,Volleyball
katiehegarty,Soccer
ljbrown,Racquetball
ljbrown,Volleyball
ljbrown,Tennis
ljbrown,Basketball
iqbalkhan,Volleyball
iqbalkhan,Soccer
katiehegarty,Soccer
katiehegarty,Soccer
katiehegarty,Tennis
ljbrown,Tennis
ianjohnson,Basketball
paigecraig,Basketball
paigecraig,Tabletennis
katiehegarty,Tennis
paigecraig,Racquetball
ljbrown,Soccer
ianjohnson,Volleyball
ianjohnson,Racquetball
ianjohnson,Basketball
ljbrown,Soccer
paigecraig,Tennis
iqbalkhan,Soccer
paigecraig,Tennis
ljbrown,Tennis
iqbalkhan,Tabletennis
katiehegarty,Tennis
ljbrown,Racquetball
ljbrown,Basketball
katiehegarty,Tennis
paigecraig,Tabletennis
iqbalkhan,Soccer
ianjohnson,Volleyball
ljbrown,Basketball
ljbrown,Tabletennis
paigecraig,Tabletennis
katiehegarty,Basketball
iqbalkhan,Volleyball
katiehegarty,Volleyball
ljbrown,Racquetball
iqbalkhan,Tennis
ljbrown,Racquetball
paigecraig,Tennis
katiehegarty,Soccer
katiehegarty,Tennis
ljbrown,Volleyball
ianjohnson,Tennis
paigecraig,Tabletennis
iqbalkhan,Volleyball
katiehegarty,Basketball
paigecraig,Tabletennis
iqbalkhan,Basketball
katiehegarty,Tennis
paigecraig,Racquetball
ianjohnson,Soccer
iqbalkhan,Racquetball
katiehegarty,Basketball
ljbrown,Tabletennis
iqbalkhan,Tabletennis
iqbalkhan,Tabletennis
paigecraig,Volleyball
katiehegarty,Basketball
ianjohnson,Tennis
iqbalkhan,Basketball
paigecraig,Volleyball
ljbrown,Racquetball
katiehegarty,Basketball
paigecraig,Tennis
katiehegarty,Tabletennis
iqbalkhan,Tabletennis
katiehegarty,Tennis
ljbrown,Racquetball
paigecraig,Tennis
ljbrown,Racquetball
ljbrown,Tennis
katiehegarty,Tennis
iqbalkhan,Tennis
katiehegarty,Tennis
iqbalkhan,Tabletennis
ianjohnson,Tennis
ianjohnson,Tabletennis
paigecraig,Tabletennis
ianjohnson,Tennis
ianjohnson,Tennis
paigecraig,Volleyball
ianjohnson,Tennis
paigecraig,Tabletennis
katiehegarty,Tabletennis
ljbrown,Soccer
ljbrown,Soccer
ljbrown,Soccer
katiehegarty,Tabletennis
ljbrown,Volleyball
paigecraig,Tennis
iqbalkhan,Tabletennis
iqbalkhan,Volleyball
ianjohnson,Tabletennis
paigecraig,Tennis
ianjohnson,Racquetball
ljbrown,Basketball
iqbalkhan,Racquetball
katiehegarty,Volleyball
iqbalkhan,Tennis
iqbalkhan,Tabletennis
iqbalkhan,Tennis
paigecraig,Volleyball
ljbrown,Soccer
katiehegarty,Racquetball
paigecraig,Soccer
iqbalkhan,Volleyball
ljbrown,Tennis
paigecraig,Basketball
ianjohnson,Basketball
paigecraig,Basketball
paigecraig,Basketball
paigecraig,Tennis
iqbalkhan,Volleyball
iqbalkhan,Racquetball
katiehegarty,Tabletennis
katiehegarty,Volleyball
paigecraig,Soccer
katiehegarty,Soccer
katiehegarty,Racquetball
ljbrown,Tennis
ljbrown,Tabletennis
ianjohnson,Tennis
ianjohnson,Tabletennis
iqbalkhan,Basketball
ianjohnson,Basketball
katiehegarty,Tennis
ljbrown,Volleyball
katiehegarty,Volleyball
ianjohnson,Tabletennis
ljbrown,Racquetball
ianjohnson,Tennis
ljbrown,Tabletennis
ianjohnson,Tennis
ianjohnson,Basketball
iqbalkhan,Tennis
ianjohnson,Soccer
paigecraig,Basketball
katiehegarty,Volleyball
paigecraig,Tabletennis
katiehegarty,Basketball
ljbrown,Volleyball
paigecraig,Basketball
ianjohnson,Tennis
paigecraig,Racquetball
iqbalkhan,Tabletennis
ljbrown,Tennis
katiehegarty,Racquetball
ianjohnson,Soccer
katiehegarty,Basketball
katiehegarty,Volleyball
ljbrown,Tennis
paigecraig,Racquetball
paigecraig,Tennis
ianjohnson,Tabletennis
paigecraig,Tabletennis
ljbrown,Soccer
ljbrown,Soccer
paigecraig,Tennis
paigecraig,Tabletennis
ljbrown,Soccer
iqbalkhan,Tennis
ianjohnson,Volleyball
ianjohnson,Tabletennis
ianjohnson,Tabletennis
katiehegarty,Soccer
iqbalkhan,Tabletennis
iqbalkhan,Tennis
iqbalkhan,Volleyball
ianjohnson,Racquetball
iqbalkhan,Racquetball
iqbalkhan,Tennis
katiehegarty,Basketball
paigecraig,Volleyball
paigecraig,Volleyball
paigecraig,Volleyball
iqbalkhan,Basketball
ianjohnson,Tennis
ljbrown,Soccer
paigecraig,Volleyball
paigecraig,Tabletennis
ljbrown,Racquetball
paigecraig,Volleyball
ianjohnson,Basketball
ljbrown,Tabletennis
iqbalkhan,Basketball
paigecraig,Tabletennis
paigecraig,Tabletennis
ljbrown,Soccer
paigecraig,Volleyball
katiehegarty,Tabletennis
ianjohnson,Tennis
iqbalkhan,Tennis
ianjohnson,Volleyball
ljbrown,Volleyball
ianjohnson,Tennis
katiehegarty,Volleyball
ljbrown,Racquetball
paigecraig,Basketball
katiehegarty,Volleyball
paigecraig,Basketball
katiehegarty,Tennis
ianjohnson,Basketball
paigecraig,Tabletennis
iqbalkhan,Tennis
paigecraig,Basketball
ianjohnson,Racquetball
paigecraig,Soccer
ljbrown,Soccer
iqbalkhan,Tennis
ljbrown,Volleyball
katiehegarty,Tabletennis
iqbalkhan,Volleyball
ianjohnson,Tennis
paigecraig,Tennis
iqbalkhan,Tabletennis
paigecraig,Tabletennis
paigecraig,Basketball
paigecraig,Volleyball
iqbalkhan,Tabletennis
ianjohnson,Soccer
iqbalkhan,Volleyball
paigecraig,Tennis
iqbalkhan,Tennis
ianjohnson,Tabletennis
ljbrown,Volleyball
ljbrown,Racquetball
katiehegarty,Racquetball
ianjohnson,Tabletennis
katiehegarty,Tennis
iqbalkhan,Racquetball
ljbrown,Soccer
ljbrown,Tennis
ljbrown,Racquetball
ianjohnson,Volleyball
iqbalkhan,Tabletennis
iqbalkhan,Tennis
paigecraig,Soccer
ianjohnson,Volleyball
katiehegarty,Tennis
katiehegarty,Tabletennis
ianjohnson,Racquetball
iqbalkhan,Soccer
paigecraig,Soccer
katiehegarty,Basketball
katiehegarty,Basketball
ianjohnson,Racquetball
ljbrown,Basketball
ianjohnson,Racquetball
paigecraig,Racquetball
paigecraig,Soccer
iqbalkhan,Tabletennis
katiehegarty,Tennis
ljbrown,Volleyball
ljbrown,Volleyball
ianjohnson,Tabletennis
ljbrown,Racquetball
katiehegarty,Tabletennis
katiehegarty,Racquetball
iqbalkhan,Soccer
ljbrown,Basketball
katiehegarty,Tabletennis
ljbrown,Racquetball
katiehegarty,Basketball
katiehegarty,Volleyball
ianjohnson,Basketball
katiehegarty,Tennis
paigecraig,Basketball
iqbalkhan,Racquetball
ianjohnson,Volleyball
ljbrown,Tennis
paigecraig,Racquetball
iqbalkhan,Tennis
iqbalkhan,Soccer
ianjohnson,Soccer
ianjohnson,Basketball
ianjohnson,Basketball
ianjohnson,Soccer
katiehegarty,Soccer
ljbrown,Tennis
iqbalkhan,Basketball
iqbalkhan,Basketball
iqbalkhan,Basketball
iqbalkhan,Volleyball
katiehegarty,Basketball
iqbalkhan,Soccer
paigecraig,Soccer
ljbrown,Tennis
ianjohnson,Volleyball
iqbalkhan,Soccer
iqbalkhan,Soccer
paigecraig,Basketball
iqbalkhan,Volleyball
iqbalkhan,Soccer
ljbrown,Soccer
ljbrown,Soccer
ianjohnson,Volleyball
katiehegarty,Basketball
katiehegarty,Volleyball
katiehegarty,Volleyball
ianjohnson,Tabletennis
iqbalkhan,Volleyball
paigecraig,Volleyball
ianjohnson,Soccer
katiehegarty,Tabletennis
ianjohnson,Tennis
paigecraig,Racquetball
paigecraig,Tennis
ianjohnson,Tennis
iqbalkhan,Basketball
ianjohnson,Basketball
iqbalkhan,Soccer
ljbrown,Basketball
ianjohnson,Racquetball
paigecraig,Tennis
iqbalkhan,Volleyball
katiehegarty,Volleyball
ljbrown,Basketball
paigecraig,Volleyball
paigecraig,Tabletennis
ianjohnson,Basketball
ianjohnson,Tabletennis
paigecraig,Racquetball
iqbalkhan,Volleyball
iqbalkhan,Tennis
katiehegarty,Soccer
paigecraig,Volleyball
katiehegarty,Racquetball
iqbalkhan,Racquetball
katiehegarty,Racquetball
iqbalkhan,Volleyball
ljbrown,Soccer
katiehegarty,Tabletennis
iqbalkhan,Tennis
ljbrown,Soccer
ljbrown,Volleyball
katiehegarty,Soccer
paigecraig,Racquetball
katiehegarty,Basketball
ljbrown,Tennis
paigecraig,Tabletennis
ljbrown,Soccer
katiehegarty,Basketball
iqbalkhan,Volleyball
iqbalkhan,Racquetball
paigecraig,Tennis
iqbalkhan,Volleyball
katiehegarty,Racquetball
iqbalkhan,Tabletennis
katiehegarty,Tabletennis
iqbalkhan,Tennis
iqbalkhan,Volleyball
ljbrown,Tabletennis
ljbrown,Racquetball
ljbrown,Tennis
ljbrown,Volleyball
iqbalkhan,Basketball
iqbalkhan,Volleyball
ianjohnson,Tennis
katiehegarty,Volleyball
ianjohnson,Basketball
ianjohnson,Tabletennis
iqbalkhan,Tabletennis
iqbalkhan,Tabletennis
katiehegarty,Racquetball
ljbrown,Volleyball
paigecraig,Tabletennis
ianjohnson,Volleyball
ljbrown,Tabletennis
iqbalkhan,Basketball
ianjohnson,Soccer
iqbalkhan,Basketball
iqbalkhan,Racquetball
ianjohnson,Tabletennis
iqbalkhan,Volleyball
iqbalkhan,Basketball
ianjohnson,Racquetball
katiehegarty,Racquetball
iqbalkhan,Basketball
iqbalkhan,Tabletennis
katiehegarty,Soccer
ianjohnson,Basketball
katiehegarty,Basketball
iqbalkhan,Tennis
paigecraig,Volleyball
ljbrown,Racquetball
iqbalkhan,Volleyball
katiehegarty,Tennis
ianjohnson,Basketball
ianjohnson,Soccer
iqbalkhan,Racquetball
ljbrown,Tennis
katiehegarty,Racquetball
ljbrown,Soccer
paigecraig,Tennis
iqbalkhan,Soccer
iqbalkhan,Tennis
paigecraig,Basketball
ianjohnson,Basketball
paigecraig,Soccer
paigecraig,Tennis
iqbalkhan,Racquetball
katiehegarty,Basketball
ljbrown,Tabletennis
iqbalkhan,Tennis
ljbrown,Tennis
ljbrown,Tabletennis
katiehegarty,Basketball
ianjohnson,Basketball
katiehegarty,Soccer
ljbrown,Racquetball
ianjohnson,Racquetball
katiehegarty,Tennis
katiehegarty,Tabletennis
paigecraig,Tabletennis
